categoryid,views,addtocart,transaction,rate_v2a,rate_a2t,rate_v2t
0,"803,0","44,0","12,0","5,47945205479452","27,27272727272727","1,4943960149439601"
1,"3747,0","197,0","55,0","5,257539364825194","27,918781725888326","1,4678409394182013"
3,"1546,0","41,0","14,0","2,652005174644243","34,146341463414636","0,9055627425614489"
5,"15036,0","440,0","137,0","2,9263101888800214","31,136363636363633","0,911146581537643"
7,"306,0","0,0","0,0","0,0","0,0","0,0"
14,"584,0","28,0","12,0","4,794520547945205","42,857142857142854","2,054794520547945"
23,"575,0","22,0","9,0","3,826086956521739","40,909090909090914","1,565217391304348"
26,"260,0","16,0","6,0","6,153846153846154","37,5","2,307692307692308"
29,"2414,0","108,0","35,0","4,473902236951118","32,407407407407405","1,4498757249378624"
34,"5118,0","158,0","79,0","3,087143415396639","50,0","1,5435717076983195"
35,"5403,0","162,0","81,0","2,9983342587451416","50,0","1,4991671293725708"
37,"292,0","11,0","4,0","3,767123287671233","36,36363636363637","1,36986301369863"
41,"666,0","0,0","0,0","0,0","0,0","0,0"
43,"315,0","5,0","3,0","1,5873015873015872","60,0","0,9523809523809524"
46,"235,0","4,0","3,0","1,702127659574468","75,0","1,276595744680851"
47,"1084,0","70,0","23,0","6,4575645756457565","32,857142857142854","2,121771217712177"
48,"17016,0","473,0","129,0","2,7797367183826984","27,27272727272727","0,7581100141043724"
50,"4579,0","162,0","36,0","3,537890369076217","22,22222222222222","0,786197859794715"
51,"3169,0","74,0","23,0","2,335121489428842","31,08108108108108","0,7257810034711265"
53,"1698,0","75,0","31,0","4,41696113074205","41,333333333333336","1,8256772673733805"
56,"6747,0","159,0","34,0","2,3566029346376167","21,38364779874214","0,5039276715577293"
57,"922,0","83,0","71,0","9,002169197396963","85,54216867469879","7,70065075921909"
58,"1056,0","1,0","1,0","0,0946969696969697","100,0","0,0946969696969697"
59,"352,0","17,0","5,0","4,829545454545454","29,411764705882355","1,4204545454545454"
64,"7710,0","201,0","17,0","2,6070038910505837","8,45771144278607","0,2204928664072633"
65,"8682,0","155,0","55,0","1,7853029255931814","35,483870967741936","0,6334945865008063"
66,"1085,0","21,0","7,0","1,935483870967742","33,33333333333333","0,6451612903225806"
69,"137,0","0,0","0,0","0,0","0,0","0,0"
70,"119,0","0,0","0,0","0,0","0,0","0,0"
72,"5346,0","276,0","118,0","5,16273849607183","42,7536231884058","2,2072577628133185"
77,"254,0","0,0","0,0","0,0","0,0","0,0"
79,"106,0","0,0","0,0","0,0","0,0","0,0"
82,"1743,0","12,0","2,0","0,6884681583476765","16,666666666666664","0,11474469305794606"
84,"9268,0","522,0","183,0","5,632283124730255","35,05747126436782","1,9745360379801469"
86,"449,0","0,0","0,0","0,0","0,0","0,0"
89,"170,0","5,0","4,0","2,941176470588235","80,0","2,3529411764705883"
94,"2023,0","20,0","6,0","0,9886307464162136","30,0","0,2965892239248641"
95,"129,0","4,0","3,0","3,10077519379845","75,0","2,3255813953488373"
102,"128,0","8,0","3,0","6,25","37,5","2,34375"
103,"169,0","12,0","7,0","7,100591715976331","58,333333333333336","4,142011834319527"
106,"193,0","4,0","0,0","2,072538860103627","0,0","0,0"
115,"132,0","1,0","2,0","0,7575757575757576","200,0","1,5151515151515151"
117,"435,0","23,0","10,0","5,287356321839081","43,47826086956522","2,2988505747126435"
120,"1803,0","83,0","40,0","4,603438713255685","48,19277108433735","2,2185246810870773"
122,"126,0","5,0","1,0","3,968253968253968","20,0","0,7936507936507936"
123,"509,0","0,0","0,0","0,0","0,0","0,0"
124,"3773,0","84,0","39,0","2,2263450834879404","46,42857142857143","1,0336602173336868"
126,"4215,0","336,0","155,0","7,97153024911032","46,13095238095239","3,6773428232502967"
130,"536,0","29,0","1,0","5,410447761194029","3,4482758620689653","0,18656716417910446"
131,"378,0","2,0","1,0","0,5291005291005291","50,0","0,26455026455026454"
133,"498,0","30,0","14,0","6,024096385542169","46,666666666666664","2,8112449799196786"
135,"272,0","10,0","5,0","3,6764705882352944","50,0","1,8382352941176472"
141,"221,0","8,0","5,0","3,619909502262444","62,5","2,262443438914027"
142,"460,0","10,0","4,0","2,1739130434782608","40,0","0,8695652173913043"
147,"193,0","31,0","14,0","16,06217616580311","45,16129032258064","7,253886010362693"
151,"104,0","8,0","6,0","7,6923076923076925","75,0","5,769230769230769"
154,"365,0","13,0","10,0","3,5616438356164384","76,92307692307693","2,73972602739726"
158,"1419,0","10,0","4,0","0,7047216349541932","40,0","0,28188865398167723"
159,"923,0","23,0","10,0","2,4918743228602382","43,47826086956522","1,0834236186348862"
160,"1929,0","49,0","14,0","2,5401762571280453","28,57142857142857","0,7257646448937273"
163,"1506,0","29,0","7,0","1,9256308100929616","24,137931034482758","0,46480743691899074"
166,"113,0","0,0","0,0","0,0","0,0","0,0"
167,"2461,0","28,0","12,0","1,1377488825680617","42,857142857142854","0,48760666395774077"
172,"444,0","8,0","4,0","1,8018018018018018","50,0","0,9009009009009009"
173,"1855,0","32,0","1,0","1,725067385444744","3,125","0,05390835579514825"
174,"168,0","0,0","0,0","0,0","0,0","0,0"
175,"4372,0","175,0","78,0","4,0027447392497715","44,57142857142857","1,7840805123513266"
176,"1267,0","32,0","10,0","2,525651144435675","31,25","0,7892659826361484"
177,"101,0","0,0","0,0","0,0","0,0","0,0"
184,"154,0","0,0","0,0","0,0","0,0","0,0"
185,"1017,0","30,0","8,0","2,949852507374631","26,666666666666668","0,7866273352999017"
189,"116,0","2,0","1,0","1,7241379310344827","50,0","0,8620689655172413"
191,"2783,0","170,0","84,0","6,1085159899389145","49,411764705882355","3,0183255479698166"
192,"153,0","2,0","0,0","1,3071895424836601","0,0","0,0"
195,"3016,0","189,0","78,0","6,266578249336869","41,269841269841265","2,586206896551724"
196,"16505,0","557,0","244,0","3,3747349288094517","43,806104129263915","1,4783398970009087"
199,"817,0","7,0","4,0","0,8567931456548347","57,14285714285714","0,4895960832313341"
202,"1357,0","50,0","20,0","3,6845983787767134","40,0","1,4738393515106853"
204,"125,0","2,0","0,0","1,6","0,0","0,0"
205,"565,0","19,0","10,0","3,3628318584070795","52,63157894736842","1,7699115044247788"
208,"976,0","38,0","17,0","3,8934426229508197","44,73684210526316","1,7418032786885245"
209,"9745,0","217,0","100,0","2,2267829656233964","46,08294930875576","1,026167265264238"
212,"482,0","18,0","4,0","3,7344398340248963","22,22222222222222","0,8298755186721992"
217,"1007,0","46,0","20,0","4,568023833167826","43,47826086956522","1,9860973187686197"
218,"414,0","31,0","12,0","7,487922705314009","38,70967741935484","2,898550724637681"
219,"295,0","17,0","10,0","5,762711864406779","58,82352941176471","3,389830508474576"
224,"1761,0","131,0","66,0","7,438955139125497","50,38167938931297","3,747870528109029"
225,"2438,0","73,0","17,0","2,9942575881870384","23,28767123287671","0,6972928630024611"
227,"1673,0","87,0","41,0","5,200239091452481","47,12643678160919","2,450687387925882"
228,"4488,0","156,0","55,0","3,4759358288770055","35,256410256410255","1,2254901960784315"
229,"604,0","10,0","2,0","1,6556291390728477","20,0","0,33112582781456956"
230,"1676,0","79,0","30,0","4,713603818615752","37,9746835443038","1,7899761336515514"
233,"135,0","2,0","1,0","1,4814814814814816","50,0","0,7407407407407408"
234,"133,0","5,0","2,0","3,7593984962406015","40,0","1,5037593984962405"
237,"228,0","0,0","0,0","0,0","0,0","0,0"
239,"5607,0","92,0","27,0","1,6408061351881578","29,347826086956523","0,4815409309791332"
242,"11096,0","261,0","69,0","2,352198990627253","26,436781609195403","0,6218457101658255"
243,"257,0","0,0","0,0","0,0","0,0","0,0"
244,"124,0","1,0","1,0","0,8064516129032258","100,0","0,8064516129032258"
248,"2405,0","34,0","8,0","1,4137214137214138","23,52941176470588","0,33264033264033266"
249,"690,0","12,0","5,0","1,7391304347826086","41,66666666666667","0,7246376811594203"
256,"6595,0","151,0","60,0","2,2896133434420016","39,735099337748345","0,9097801364670205"
257,"364,0","12,0","4,0","3,296703296703297","33,33333333333333","1,098901098901099"
258,"107,0","1,0","0,0","0,9345794392523363","0,0","0,0"
261,"232,0","8,0","3,0","3,4482758620689653","37,5","1,293103448275862"
263,"677,0","26,0","8,0","3,8404726735598227","30,76923076923077","1,1816838995568686"
267,"615,0","45,0","20,0","7,317073170731707","44,44444444444444","3,2520325203252036"
268,"451,0","39,0","11,0","8,647450110864744","28,205128205128204","2,4390243902439024"
269,"429,0","20,0","7,0","4,662004662004662","35,0","1,6317016317016315"
270,"377,0","0,0","0,0","0,0","0,0","0,0"
274,"829,0","37,0","12,0","4,463208685162847","32,432432432432435","1,4475271411338964"
276,"179,0","10,0","3,0","5,58659217877095","30,0","1,675977653631285"
277,"412,0","9,0","6,0","2,1844660194174756","66,66666666666666","1,4563106796116505"
278,"124,0","0,0","0,0","0,0","0,0","0,0"
279,"1266,0","61,0","35,0","4,818325434439179","57,377049180327866","2,764612954186414"
281,"262,0","25,0","5,0","9,541984732824428","20,0","1,9083969465648856"
282,"4687,0","141,0","52,0","3,00832088756134","36,87943262411347","1,1094516748453167"
289,"554,0","12,0","8,0","2,166064981949458","66,66666666666666","1,444043321299639"
290,"311,0","20,0","6,0","6,430868167202572","30,0","1,929260450160772"
292,"1262,0","30,0","11,0","2,3771790808240887","36,666666666666664","0,8716323296354992"
295,"2329,0","54,0","23,0","2,31859167024474","42,592592592592595","0,9875483039931301"
299,"1220,0","34,0","17,0","2,7868852459016393","50,0","1,3934426229508197"
302,"1400,0","96,0","29,0","6,857142857142858","30,208333333333332","2,071428571428571"
304,"212,0","7,0","5,0","3,30188679245283","71,42857142857143","2,358490566037736"
310,"697,0","51,0","17,0","7,317073170731707","33,33333333333333","2,4390243902439024"
315,"137,0","0,0","0,0","0,0","0,0","0,0"
316,"1560,0","25,0","14,0","1,6025641025641024","56,00000000000001","0,8974358974358974"
317,"3360,0","142,0","71,0","4,226190476190476","50,0","2,113095238095238"
320,"938,0","44,0","11,0","4,690831556503198","25,0","1,1727078891257996"
324,"2651,0","109,0","59,0","4,111655978875896","54,12844036697248","2,225575254620898"
327,"343,0","9,0","3,0","2,623906705539359","33,33333333333333","0,8746355685131195"
330,"4295,0","205,0","74,0","4,772991850989523","36,09756097560975","1,7229336437718277"
331,"877,0","21,0","11,0","2,394526795895097","52,38095238095239","1,2542759407069555"
332,"456,0","34,0","13,0","7,456140350877193","38,23529411764706","2,850877192982456"
333,"12822,0","354,0","78,0","2,7608797379503978","22,033898305084744","0,6083294337856809"
337,"1554,0","53,0","19,0","3,41055341055341","35,84905660377358","1,2226512226512225"
340,"130,0","13,0","9,0","10,0","69,23076923076923","6,923076923076923"
342,"25935,0","965,0","232,0","3,7208405629458263","24,041450777202073","0,8945440524387893"
343,"892,0","36,0","25,0","4,0358744394618835","69,44444444444444","2,8026905829596416"
348,"548,0","4,0","1,0","0,7299270072992701","25,0","0,18248175182481752"
349,"771,0","28,0","14,0","3,631647211413749","50,0","1,8158236057068744"
352,"3688,0","90,0","34,0","2,4403470715835143","37,77777777777778","0,9219088937093275"
353,"307,0","0,0","0,0","0,0","0,0","0,0"
356,"2354,0","99,0","49,0","4,205607476635514","49,494949494949495","2,081563296516568"
358,"681,0","17,0","9,0","2,4963289280469896","52,94117647058824","1,3215859030837005"
360,"3987,0","90,0","49,0","2,2573363431151243","54,44444444444444","1,2289942312515676"
361,"139,0","12,0","6,0","8,633093525179856","50,0","4,316546762589928"
363,"121,0","0,0","0,0","0,0","0,0","0,0"
366,"1453,0","70,0","24,0","4,817618719889883","34,285714285714285","1,6517549896765313"
367,"446,0","33,0","11,0","7,399103139013453","33,33333333333333","2,4663677130044843"
368,"764,0","29,0","18,0","3,7958115183246073","62,06896551724138","2,356020942408377"
371,"708,0","39,0","5,0","5,508474576271186","12,82051282051282","0,7062146892655368"
373,"1422,0","50,0","19,0","3,5161744022503516","38,0","1,3361462728551337"
374,"1355,0","40,0","12,0","2,952029520295203","30,0","0,8856088560885609"
377,"166,0","5,0","3,0","3,0120481927710845","60,0","1,8072289156626504"
381,"801,0","27,0","7,0","3,3707865168539324","25,925925925925924","0,8739076154806492"
386,"1546,0","51,0","22,0","3,2988357050452786","43,13725490196079","1,423027166882277"
387,"1097,0","27,0","12,0","2,461257976298997","44,44444444444444","1,0938924339106655"
389,"288,0","0,0","0,0","0,0","0,0","0,0"
390,"1118,0","105,0","61,0","9,391771019677996","58,0952380952381","5,456171735241503"
392,"861,0","21,0","5,0","2,4390243902439024","23,809523809523807","0,5807200929152149"
394,"762,0","44,0","8,0","5,774278215223097","18,181818181818183","1,0498687664041995"
396,"1083,0","31,0","13,0","2,862419205909511","41,935483870967744","1,2003693444136658"
398,"1322,0","90,0","47,0","6,80786686838124","52,22222222222223","3,5552193645990924"
403,"347,0","0,0","0,0","0,0","0,0","0,0"
405,"2613,0","34,0","11,0","1,3011863758132414","32,35294117647059","0,42097206276310756"
406,"4423,0","140,0","50,0","3,1652724395206873","35,714285714285715","1,1304544426859597"
407,"309,0","6,0","3,0","1,9417475728155338","50,0","0,9708737864077669"
410,"735,0","0,0","0,0","0,0","0,0","0,0"
411,"3114,0","126,0","30,0","4,046242774566474","23,809523809523807","0,9633911368015413"
414,"1765,0","185,0","44,0","10,48158640226629","23,783783783783786","2,492917847025496"
416,"1188,0","19,0","15,0","1,5993265993265993","78,94736842105263","1,2626262626262625"
417,"942,0","162,0","69,0","17,197452229299362","42,592592592592595","7,32484076433121"
421,"6729,0","311,0","122,0","4,621786298112647","39,228295819935695","1,8130480011888839"
422,"260,0","5,0","2,0","1,9230769230769231","40,0","0,7692307692307693"
423,"379,0","13,0","0,0","3,430079155672823","0,0","0,0"
424,"181,0","6,0","1,0","3,314917127071823","16,666666666666664","0,5524861878453038"
427,"2234,0","190,0","82,0","8,504923903312445","43,15789473684211","3,670546105640107"
429,"9645,0","92,0","29,0","0,9538621047174702","31,521739130434785","0,30067392431311557"
430,"143,0","2,0","1,0","1,3986013986013985","50,0","0,6993006993006993"
434,"2423,0","398,0","83,0","16,4259182831201","20,85427135678392","3,425505571605448"
436,"331,0","0,0","0,0","0,0","0,0","0,0"
437,"1091,0","39,0","18,0","3,5747021081576533","46,15384615384615","1,6498625114573784"
438,"5636,0","201,0","57,0","3,5663591199432223","28,35820895522388","1,0113555713271822"
439,"348,0","5,0","1,0","1,4367816091954022","20,0","0,28735632183908044"
444,"364,0","35,0","20,0","9,615384615384617","57,14285714285714","5,4945054945054945"
445,"1009,0","39,0","12,0","3,865213082259663","30,76923076923077","1,1892963330029733"
446,"816,0","16,0","3,0","1,9607843137254901","18,75","0,3676470588235294"
449,"667,0","38,0","13,0","5,697151424287856","34,21052631578947","1,9490254872563717"
450,"926,0","39,0","13,0","4,211663066954643","33,33333333333333","1,4038876889848813"
451,"1061,0","26,0","6,0","2,4505183788878417","23,076923076923077","0,5655042412818096"
452,"1310,0","25,0","2,0","1,9083969465648856","8,0","0,15267175572519084"
454,"221,0","0,0","0,0","0,0","0,0","0,0"
455,"124,0","3,0","0,0","2,4193548387096775","0,0","0,0"
459,"426,0","15,0","4,0","3,5211267605633805","26,666666666666668","0,9389671361502347"
461,"131,0","1,0","0,0","0,7633587786259541","0,0","0,0"
463,"790,0","0,0","0,0","0,0","0,0","0,0"
464,"652,0","18,0","10,0","2,7607361963190185","55,55555555555556","1,5337423312883436"
466,"125,0","10,0","5,0","8,0","50,0","4,0"
469,"1208,0","50,0","18,0","4,13907284768212","36,0","1,490066225165563"
470,"1010,0","80,0","35,0","7,920792079207921","43,75","3,4653465346534658"
471,"2415,0","107,0","38,0","4,43064182194617","35,51401869158878","1,5734989648033124"
472,"268,0","0,0","0,0","0,0","0,0","0,0"
473,"1189,0","53,0","32,0","4,457527333894029","60,37735849056604","2,6913372582001682"
474,"1314,0","0,0","0,0","0,0","0,0","0,0"
477,"720,0","4,0","0,0","0,5555555555555556","0,0","0,0"
478,"567,0","41,0","14,0","7,231040564373897","34,146341463414636","2,4691358024691357"
479,"1913,0","52,0","11,0","2,7182435964453737","21,153846153846153","0,575013068478829"
481,"131,0","0,0","0,0","0,0","0,0","0,0"
484,"1923,0","48,0","17,0","2,49609984399376","35,41666666666667","0,8840353614144566"
486,"1287,0","34,0","6,0","2,641802641802642","17,647058823529413","0,4662004662004662"
487,"998,0","92,0","27,0","9,218436873747494","29,347826086956523","2,7054108216432864"
491,"37763,0","1177,0","222,0","3,1168074570346636","18,861512319456246","0,587877022482324"
493,"850,0","34,0","10,0","4,0","29,411764705882355","1,1764705882352942"
494,"1681,0","10,0","5,0","0,594883997620464","50,0","0,297441998810232"
496,"3788,0","25,0","8,0","0,6599788806758183","32,0","0,21119324181626187"
497,"575,0","25,0","11,0","4,3478260869565215","44,0","1,9130434782608694"
499,"9843,0","216,0","15,0","2,194452910697958","6,944444444444445","0,15239256324291375"
503,"490,0","10,0","5,0","2,0408163265306123","50,0","1,0204081632653061"
507,"524,0","16,0","5,0","3,0534351145038165","31,25","0,9541984732824428"
508,"408,0","0,0","0,0","0,0","0,0","0,0"
509,"1140,0","157,0","33,0","13,771929824561404","21,019108280254777","2,8947368421052633"
512,"159,0","0,0","0,0","0,0","0,0","0,0"
516,"1016,0","29,0","12,0","2,8543307086614176","41,37931034482759","1,1811023622047243"
517,"1118,0","15,0","5,0","1,3416815742397137","33,33333333333333","0,4472271914132379"
518,"181,0","0,0","0,0","0,0","0,0","0,0"
519,"113,0","0,0","0,0","0,0","0,0","0,0"
520,"131,0","7,0","3,0","5,343511450381679","42,857142857142854","2,2900763358778624"
523,"2635,0","39,0","4,0","1,4800759013282732","10,256410256410255","0,15180265654648956"
524,"240,0","3,0","3,0","1,25","100,0","1,25"
525,"271,0","29,0","11,0","10,70110701107011","37,93103448275862","4,059040590405904"
527,"225,0","12,0","8,0","5,333333333333334","66,66666666666666","3,5555555555555554"
528,"526,0","24,0","12,0","4,562737642585551","50,0","2,2813688212927756"
529,"2554,0","34,0","9,0","1,331245105716523","26,47058823529412","0,3523884103367267"
530,"610,0","9,0","2,0","1,4754098360655739","22,22222222222222","0,32786885245901637"
531,"4050,0","137,0","56,0","3,382716049382716","40,87591240875913","1,3827160493827162"
532,"2305,0","44,0","12,0","1,9088937093275489","27,27272727272727","0,5206073752711496"
533,"1255,0","3,0","2,0","0,2390438247011952","66,66666666666666","0,1593625498007968"
535,"4224,0","131,0","29,0","3,101325757575758","22,137404580152673","0,6865530303030303"
537,"318,0","8,0","4,0","2,515723270440252","50,0","1,257861635220126"
541,"180,0","0,0","0,0","0,0","0,0","0,0"
543,"220,0","0,0","0,0","0,0","0,0","0,0"
545,"456,0","20,0","2,0","4,385964912280701","10,0","0,43859649122807015"
549,"444,0","15,0","6,0","3,3783783783783785","40,0","1,3513513513513513"
550,"381,0","5,0","4,0","1,3123359580052494","80,0","1,0498687664041995"
551,"313,0","16,0","12,0","5,111821086261981","75,0","3,8338658146964857"
558,"2430,0","72,0","29,0","2,9629629629629632","40,27777777777778","1,1934156378600824"
561,"1833,0","0,0","0,0","0,0","0,0","0,0"
562,"658,0","32,0","7,0","4,86322188449848","21,875","1,0638297872340425"
564,"427,0","0,0","0,0","0,0","0,0","0,0"
565,"2812,0","25,0","10,0","0,8890469416785207","40,0","0,35561877667140823"
567,"229,0","17,0","3,0","7,423580786026202","17,647058823529413","1,3100436681222707"
568,"2044,0","62,0","20,0","3,0332681017612524","32,25806451612903","0,9784735812133072"
570,"446,0","5,0","4,0","1,1210762331838564","80,0","0,8968609865470852"
572,"1891,0","102,0","43,0","5,393971443680592","42,15686274509804","2,2739291380222104"
575,"5650,0","76,0","26,0","1,3451327433628317","34,21052631578947","0,4601769911504424"
577,"416,0","9,0","3,0","2,1634615384615383","33,33333333333333","0,7211538461538461"
578,"674,0","31,0","14,0","4,599406528189911","45,16129032258064","2,0771513353115725"
584,"471,0","15,0","6,0","3,1847133757961785","40,0","1,2738853503184715"
585,"360,0","1,0","0,0","0,2777777777777778","0,0","0,0"
586,"4191,0","214,0","67,0","5,106179909329516","31,308411214953267","1,5986638033882128"
589,"9835,0","511,0","171,0","5,195729537366548","33,46379647749511","1,7386883579054397"
596,"810,0","63,0","27,0","7,777777777777778","42,857142857142854","3,3333333333333335"
597,"107,0","3,0","1,0","2,803738317757009","33,33333333333333","0,9345794392523363"
598,"528,0","0,0","0,0","0,0","0,0","0,0"
599,"632,0","18,0","10,0","2,848101265822785","55,55555555555556","1,5822784810126582"
606,"1291,0","34,0","11,0","2,6336173508907823","32,35294117647059","0,8520526723470179"
607,"214,0","3,0","0,0","1,4018691588785046","0,0","0,0"
610,"2824,0","129,0","55,0","4,567988668555241","42,63565891472868","1,9475920679886687"
613,"248,0","8,0","4,0","3,225806451612903","50,0","1,6129032258064515"
616,"348,0","18,0","9,0","5,172413793103448","50,0","2,586206896551724"
617,"725,0","22,0","10,0","3,0344827586206895","45,45454545454545","1,3793103448275863"
618,"4806,0","480,0","203,0","9,987515605493133","42,291666666666664","4,223886808156471"
619,"3892,0","241,0","46,0","6,192189105858171","19,08713692946058","1,18191161356629"
624,"2266,0","243,0","124,0","10,723742277140335","51,028806584362144","5,472197705207414"
626,"1373,0","31,0","7,0","2,2578295702840494","22,58064516129032","0,5098324836125273"
627,"421,0","20,0","11,0","4,750593824228028","55,00000000000001","2,6128266033254155"
628,"3280,0","130,0","55,0","3,9634146341463414","42,30769230769231","1,676829268292683"
633,"1856,0","111,0","54,0","5,980603448275862","48,64864864864865","2,9094827586206895"
635,"252,0","13,0","6,0","5,158730158730158","46,15384615384615","2,380952380952381"
637,"1356,0","49,0","21,0","3,6135693215339235","42,857142857142854","1,5486725663716814"
639,"432,0","18,0","4,0","4,166666666666666","22,22222222222222","0,9259259259259258"
643,"515,0","14,0","7,0","2,7184466019417477","50,0","1,3592233009708738"
646,"13512,0","349,0","68,0","2,582889283599763","19,484240687679083","0,5032563647128478"
650,"297,0","6,0","2,0","2,0202020202020203","33,33333333333333","0,6734006734006733"
652,"103,0","1,0","0,0","0,9708737864077669","0,0","0,0"
655,"537,0","23,0","10,0","4,283054003724395","43,47826086956522","1,86219739292365"
656,"4208,0","34,0","8,0","0,8079847908745247","23,52941176470588","0,19011406844106463"
660,"200,0","7,0","2,0","3,5000000000000004","28,57142857142857","1,0"
665,"909,0","52,0","30,0","5,720572057205721","57,692307692307686","3,3003300330033"
671,"783,0","40,0","11,0","5,108556832694764","27,500000000000004","1,40485312899106"
677,"320,0","5,0","4,0","1,5625","80,0","1,25"
678,"828,0","22,0","9,0","2,657004830917874","40,909090909090914","1,0869565217391304"
680,"139,0","6,0","2,0","4,316546762589928","33,33333333333333","1,4388489208633095"
683,"15924,0","683,0","184,0","4,289123335845265","26,939970717423133","1,1554885707108766"
684,"1046,0","88,0","35,0","8,413001912045889","39,77272727272727","3,3460803059273423"
685,"225,0","6,0","4,0","2,666666666666667","66,66666666666666","1,7777777777777777"
686,"4106,0","238,0","141,0","5,796395518753044","59,2436974789916","3,4339990258158792"
687,"421,0","30,0","16,0","7,1258907363420425","53,333333333333336","3,800475059382423"
690,"381,0","7,0","4,0","1,837270341207349","57,14285714285714","1,0498687664041995"
691,"4391,0","90,0","37,0","2,0496470052379867","41,11111111111111","0,8426326577089501"
694,"1437,0","68,0","23,0","4,732080723729993","33,82352941176471","1,6005567153792624"
695,"457,0","20,0","5,0","4,3763676148796495","25,0","1,0940919037199124"
697,"2739,0","0,0","0,0","0,0","0,0","0,0"
703,"1390,0","24,0","6,0","1,7266187050359711","25,0","0,4316546762589928"
704,"1727,0","28,0","7,0","1,6213086276780544","25,0","0,4053271569195136"
705,"236,0","15,0","7,0","6,3559322033898304","46,666666666666664","2,9661016949152543"
706,"2942,0","26,0","12,0","0,8837525492861998","46,15384615384615","0,4078857919782461"
707,"9664,0","391,0","77,0","4,045943708609272","19,69309462915601","0,7967715231788081"
710,"339,0","14,0","5,0","4,129793510324483","35,714285714285715","1,4749262536873156"
715,"560,0","48,0","15,0","8,571428571428571","31,25","2,6785714285714284"
718,"1774,0","22,0","6,0","1,2401352874859075","27,27272727272727","0,3382187147688839"
719,"524,0","30,0","11,0","5,7251908396946565","36,666666666666664","2,099236641221374"
722,"186,0","2,0","1,0","1,0752688172043012","50,0","0,5376344086021506"
723,"455,0","16,0","6,0","3,5164835164835164","37,5","1,3186813186813187"
725,"1033,0","43,0","18,0","4,162633107454018","41,86046511627907","1,7424975798644726"
729,"231,0","0,0","0,0","0,0","0,0","0,0"
730,"8681,0","244,0","85,0","2,810736090312176","34,83606557377049","0,9791498675267827"
734,"167,0","4,0","2,0","2,3952095808383236","50,0","1,1976047904191618"
737,"1046,0","13,0","5,0","1,24282982791587","38,46153846153847","0,47801147227533464"
739,"2328,0","42,0","10,0","1,804123711340206","23,809523809523807","0,429553264604811"
741,"1599,0","0,0","0,0","0,0","0,0","0,0"
744,"108,0","4,0","2,0","3,7037037037037033","50,0","1,8518518518518516"
746,"1478,0","50,0","28,0","3,3829499323410013","56,00000000000001","1,8944519621109608"
754,"177,0","18,0","5,0","10,16949152542373","27,77777777777778","2,824858757062147"
758,"343,0","7,0","7,0","2,0408163265306123","100,0","2,0408163265306123"
760,"208,0","15,0","6,0","7,211538461538461","40,0","2,8846153846153846"
765,"109,0","1,0","0,0","0,9174311926605505","0,0","0,0"
769,"6002,0","193,0","57,0","3,215594801732756","29,533678756476682","0,9496834388537154"
771,"596,0","18,0","5,0","3,0201342281879198","27,77777777777778","0,8389261744966443"
773,"330,0","20,0","8,0","6,0606060606060606","40,0","2,4242424242424243"
774,"900,0","34,0","16,0","3,7777777777777777","47,05882352941176","1,7777777777777777"
782,"4432,0","151,0","69,0","3,4070397111913358","45,6953642384106","1,5568592057761732"
789,"5528,0","44,0","8,0","0,7959479015918958","18,181818181818183","0,1447178002894356"
790,"120,0","3,0","1,0","2,5","33,33333333333333","0,8333333333333334"
792,"2923,0","95,0","36,0","3,250085528566541","37,89473684210527","1,2316113581936368"
793,"364,0","34,0","11,0","9,340659340659341","32,35294117647059","3,021978021978022"
797,"216,0","28,0","13,0","12,962962962962962","46,42857142857143","6,018518518518518"
798,"192,0","1,0","0,0","0,5208333333333333","0,0","0,0"
799,"5757,0","214,0","79,0","3,7172138266458226","36,915887850467286","1,3722424874066355"
800,"155,0","0,0","0,0","0,0","0,0","0,0"
801,"397,0","9,0","5,0","2,2670025188916876","55,55555555555556","1,2594458438287155"
804,"1839,0","99,0","39,0","5,383360522022838","39,39393939393939","2,1207177814029365"
806,"5662,0","158,0","42,0","2,790533380430943","26,582278481012654","0,7417873542917697"
807,"985,0","77,0","30,0","7,817258883248732","38,961038961038966","3,0456852791878175"
808,"1103,0","78,0","46,0","7,071622846781506","58,97435897435898","4,170444242973708"
816,"1837,0","25,0","8,0","1,3609145345672293","32,0","0,43549265106151336"
818,"4036,0","64,0","13,0","1,5857284440039643","20,3125","0,32210109018830524"
819,"3355,0","126,0","48,0","3,7555886736214608","38,095238095238095","1,4307004470938898"
821,"653,0","14,0","9,0","2,1439509954058193","64,28571428571429","1,3782542113323124"
822,"2410,0","114,0","38,0","4,730290456431535","33,33333333333333","1,5767634854771784"
828,"6503,0","160,0","71,0","2,460402890973397","44,375","1,091803782869445"
830,"306,0","16,0","12,0","5,228758169934641","75,0","3,9215686274509802"
833,"1447,0","62,0","31,0","4,2847270214236355","50,0","2,1423635107118177"
838,"262,0","11,0","3,0","4,198473282442748","27,27272727272727","1,1450381679389312"
839,"196,0","17,0","2,0","8,673469387755102","11,76470588235294","1,0204081632653061"
842,"299,0","7,0","1,0","2,341137123745819","14,285714285714285","0,33444816053511706"
844,"4806,0","287,0","129,0","5,97170203911777","44,94773519163763","2,6841448189762795"
845,"376,0","16,0","6,0","4,25531914893617","37,5","1,5957446808510638"
846,"860,0","2,0","0,0","0,23255813953488372","0,0","0,0"
847,"1513,0","36,0","16,0","2,3793787177792467","44,44444444444444","1,0575016523463316"
848,"131,0","5,0","0,0","3,816793893129771","0,0","0,0"
849,"452,0","11,0","2,0","2,433628318584071","18,181818181818183","0,4424778761061947"
851,"131,0","8,0","2,0","6,106870229007633","25,0","1,5267175572519083"
855,"172,0","0,0","0,0","0,0","0,0","0,0"
857,"597,0","6,0","3,0","1,0050251256281406","50,0","0,5025125628140703"
858,"3804,0","357,0","126,0","9,384858044164037","35,294117647058826","3,3123028391167195"
860,"1646,0","79,0","31,0","4,79951397326853","39,24050632911392","1,8833535844471445"
862,"1395,0","56,0","26,0","4,014336917562724","46,42857142857143","1,8637992831541221"
863,"183,0","0,0","0,0","0,0","0,0","0,0"
869,"704,0","36,0","14,0","5,113636363636364","38,88888888888889","1,9886363636363635"
876,"1761,0","46,0","21,0","2,612152186257808","45,65217391304348","1,192504258943782"
881,"410,0","5,0","2,0","1,2195121951219512","40,0","0,4878048780487805"
883,"176,0","6,0","2,0","3,4090909090909087","33,33333333333333","1,1363636363636365"
884,"909,0","30,0","10,0","3,3003300330033","33,33333333333333","1,1001100110011002"
891,"540,0","7,0","4,0","1,2962962962962963","57,14285714285714","0,7407407407407408"
892,"307,0","10,0","3,0","3,257328990228013","30,0","0,9771986970684038"
893,"187,0","0,0","0,0","0,0","0,0","0,0"
895,"1355,0","39,0","24,0","2,878228782287823","61,53846153846154","1,7712177121771218"
904,"153,0","6,0","3,0","3,9215686274509802","50,0","1,9607843137254901"
911,"1706,0","29,0","3,0","1,6998827667057446","10,344827586206897","0,1758499413833529"
912,"316,0","5,0","2,0","1,5822784810126582","40,0","0,6329113924050633"
914,"4686,0","140,0","85,0","2,987622705932565","60,71428571428571","1,8139137857447716"
915,"110,0","0,0","0,0","0,0","0,0","0,0"
921,"3545,0","116,0","53,0","3,272214386459803","45,689655172413794","1,4950634696755993"
924,"1308,0","16,0","3,0","1,2232415902140672","18,75","0,22935779816513763"
926,"5826,0","155,0","45,0","2,6604874699622383","29,03225806451613","0,772399588053553"
927,"1703,0","23,0","11,0","1,3505578391074575","47,82608695652174","0,6459189665296535"
928,"6771,0","245,0","118,0","3,618372470831487","48,16326530612245","1,7427263328902673"
936,"5478,0","205,0","68,0","3,7422416940489227","33,170731707317074","1,2413289521723256"
937,"363,0","9,0","4,0","2,479338842975207","44,44444444444444","1,1019283746556474"
941,"352,0","1,0","1,0","0,2840909090909091","100,0","0,2840909090909091"
942,"378,0","10,0","3,0","2,6455026455026456","30,0","0,7936507936507936"
944,"761,0","35,0","11,0","4,599211563731932","31,428571428571427","1,445466491458607"
947,"202,0","13,0","7,0","6,435643564356436","53,84615384615385","3,4653465346534658"
948,"190,0","4,0","0,0","2,1052631578947367","0,0","0,0"
952,"264,0","0,0","0,0","0,0","0,0","0,0"
956,"673,0","10,0","1,0","1,4858841010401187","10,0","0,1485884101040119"
958,"1979,0","70,0","28,0","3,5371399696816574","40,0","1,414855987872663"
959,"26897,0","1195,0","372,0","4,4428746700375505","31,12970711297071","1,3830538721790533"
962,"409,0","10,0","4,0","2,444987775061125","40,0","0,9779951100244498"
963,"389,0","4,0","1,0","1,0282776349614395","25,0","0,2570694087403599"
967,"2441,0","36,0","10,0","1,4748054076198278","27,77777777777778","0,40966816878328555"
969,"2792,0","172,0","54,0","6,160458452722064","31,3953488372093","1,9340974212034383"
972,"1026,0","117,0","63,0","11,403508771929824","53,84615384615385","6,140350877192982"
973,"3924,0","83,0","44,0","2,115188583078491","53,01204819277109","1,1213047910295617"
976,"433,0","0,0","0,0","0,0","0,0","0,0"
977,"270,0","27,0","16,0","10,0","59,25925925925925","5,9259259259259265"
978,"193,0","31,0","8,0","16,06217616580311","25,806451612903224","4,145077720207254"
979,"1497,0","28,0","11,0","1,8704074816299265","39,285714285714285","0,7348029392117569"
984,"7629,0","136,0","45,0","1,782671385502687","33,088235294117645","0,5898545025560362"
985,"713,0","25,0","14,0","3,506311360448808","56,00000000000001","1,9635343618513323"
987,"1573,0","38,0","12,0","2,4157660521296886","31,57894736842105","0,7628734901462174"
988,"2402,0","21,0","14,0","0,8742714404662781","66,66666666666666","0,5828476269775187"
991,"212,0","0,0","0,0","0,0","0,0","0,0"
992,"205,0","11,0","4,0","5,365853658536586","36,36363636363637","1,951219512195122"
996,"561,0","0,0","0,0","0,0","0,0","0,0"
997,"628,0","35,0","12,0","5,573248407643312","34,285714285714285","1,910828025477707"
998,"296,0","7,0","4,0","2,364864864864865","57,14285714285714","1,3513513513513513"
999,"4510,0","28,0","12,0","0,6208425720620843","42,857142857142854","0,2660753880266075"
1001,"680,0","17,0","6,0","2,5","35,294117647058826","0,8823529411764706"
1002,"2570,0","63,0","16,0","2,4513618677042803","25,396825396825395","0,622568093385214"
1003,"1119,0","17,0","5,0","1,519213583556747","29,411764705882355","0,44682752457551383"
1006,"891,0","36,0","7,0","4,040404040404041","19,444444444444446","0,7856341189674524"
1007,"3797,0","0,0","0,0","0,0","0,0","0,0"
1008,"453,0","2,0","0,0","0,44150110375275936","0,0","0,0"
1011,"914,0","49,0","26,0","5,361050328227571","53,06122448979592","2,8446389496717726"
1014,"490,0","16,0","7,0","3,2653061224489797","43,75","1,4285714285714286"
1015,"137,0","0,0","0,0","0,0","0,0","0,0"
1017,"312,0","24,0","5,0","7,6923076923076925","20,833333333333336","1,6025641025641024"
1018,"5119,0","238,0","87,0","4,649345575307677","36,554621848739494","1,699550693494823"
1020,"1760,0","98,0","49,0","5,568181818181818","50,0","2,784090909090909"
1022,"1271,0","33,0","11,0","2,5963808025177024","33,33333333333333","0,865460267505901"
1026,"4505,0","104,0","60,0","2,3085460599334073","57,692307692307686","1,3318534961154271"
1029,"2211,0","31,0","14,0","1,4020805065581186","45,16129032258064","0,6331976481230213"
1035,"1851,0","87,0","47,0","4,700162074554295","54,02298850574713","2,5391680172879525"
1037,"2188,0","358,0","160,0","16,36197440585009","44,6927374301676","7,312614259597806"
1038,"369,0","6,0","4,0","1,6260162601626018","66,66666666666666","1,084010840108401"
1040,"960,0","84,0","36,0","8,75","42,857142857142854","3,75"
1043,"1208,0","49,0","53,0","4,056291390728477","108,16326530612245","4,387417218543047"
1047,"1643,0","59,0","23,0","3,5909920876445525","38,983050847457626","1,399878271454656"
1048,"378,0","22,0","4,0","5,82010582010582","18,181818181818183","1,0582010582010581"
1049,"1509,0","30,0","9,0","1,9880715705765408","30,0","0,5964214711729622"
1051,"35951,0","1252,0","312,0","3,4825178715473837","24,920127795527154","0,8678479040916804"
1053,"627,0","29,0","11,0","4,625199362041467","37,93103448275862","1,7543859649122806"
1054,"1260,0","34,0","11,0","2,6984126984126986","32,35294117647059","0,873015873015873"
1059,"4166,0","33,0","17,0","0,7921267402784445","51,515151515151516","0,40806529044647144"
1061,"755,0","0,0","0,0","0,0","0,0","0,0"
1069,"790,0","0,0","0,0","0,0","0,0","0,0"
1070,"1545,0","61,0","28,0","3,9482200647249193","45,90163934426229","1,8122977346278317"
1072,"224,0","36,0","17,0","16,071428571428573","47,22222222222222","7,5892857142857135"
1073,"1868,0","81,0","30,0","4,336188436830835","37,03703703703704","1,6059957173447537"
1074,"237,0","34,0","16,0","14,345991561181433","47,05882352941176","6,751054852320674"
1076,"1989,0","74,0","5,0","3,720462543991956","6,756756756756757","0,2513826043237808"
1078,"1712,0","25,0","3,0","1,4602803738317758","12,0","0,17523364485981308"
1080,"794,0","6,0","4,0","0,7556675062972292","66,66666666666666","0,5037783375314862"
1083,"415,0","16,0","9,0","3,8554216867469884","56,25","2,1686746987951806"
1084,"430,0","0,0","0,0","0,0","0,0","0,0"
1085,"2289,0","81,0","37,0","3,5386631716906947","45,67901234567901","1,6164263870685889"
1087,"1282,0","27,0","15,0","2,1060842433697347","55,55555555555556","1,1700468018720749"
1089,"2920,0","201,0","86,0","6,883561643835616","42,78606965174129","2,945205479452055"
1090,"1818,0","25,0","8,0","1,3751375137513753","32,0","0,44004400440044"
1091,"1548,0","86,0","32,0","5,555555555555555","37,2093023255814","2,0671834625323"
1096,"234,0","11,0","10,0","4,700854700854701","90,9090909090909","4,273504273504273"
1098,"4727,0","268,0","84,0","5,669557859107257","31,343283582089555","1,7770255976306326"
1103,"1064,0","69,0","42,0","6,484962406015038","60,86956521739131","3,9473684210526314"
1104,"128,0","5,0","1,0","3,90625","20,0","0,78125"
1105,"209,0","16,0","6,0","7,655502392344498","37,5","2,8708133971291865"
1106,"219,0","12,0","6,0","5,47945205479452","50,0","2,73972602739726"
1111,"247,0","20,0","2,0","8,097165991902834","10,0","0,8097165991902834"
1113,"1167,0","68,0","32,0","5,8269065981148245","47,05882352941176","2,742073693230506"
1114,"5605,0","296,0","117,0","5,280999107939341","39,52702702702703","2,087421944692239"
1116,"166,0","9,0","2,0","5,421686746987952","22,22222222222222","1,2048192771084338"
1117,"4295,0","172,0","63,0","4,0046565774155995","36,627906976744185","1,4668218859138533"
1118,"750,0","2,0","1,0","0,26666666666666666","50,0","0,13333333333333333"
1119,"1912,0","45,0","9,0","2,3535564853556483","20,0","0,47071129707112974"
1121,"531,0","4,0","2,0","0,7532956685499058","50,0","0,3766478342749529"
1124,"157,0","0,0","0,0","0,0","0,0","0,0"
1126,"359,0","6,0","2,0","1,6713091922005572","33,33333333333333","0,5571030640668524"
1127,"301,0","3,0","1,0","0,9966777408637874","33,33333333333333","0,33222591362126247"
1130,"742,0","17,0","7,0","2,2911051212938007","41,17647058823529","0,9433962264150944"
1131,"246,0","17,0","5,0","6,910569105691057","29,411764705882355","2,0325203252032518"
1132,"152,0","4,0","3,0","2,631578947368421","75,0","1,9736842105263157"
1135,"10831,0","544,0","166,0","5,022620256670667","30,514705882352942","1,5326377989105344"
1142,"1144,0","0,0","0,0","0,0","0,0","0,0"
1143,"698,0","17,0","6,0","2,4355300859598854","35,294117647058826","0,8595988538681949"
1144,"244,0","7,0","2,0","2,8688524590163933","28,57142857142857","0,819672131147541"
1147,"135,0","8,0","5,0","5,9259259259259265","62,5","3,7037037037037033"
1148,"502,0","15,0","2,0","2,9880478087649402","13,333333333333334","0,398406374501992"
1150,"307,0","6,0","2,0","1,9543973941368076","33,33333333333333","0,6514657980456027"
1151,"988,0","85,0","32,0","8,60323886639676","37,64705882352941","3,2388663967611335"
1153,"549,0","0,0","0,0","0,0","0,0","0,0"
1154,"305,0","19,0","9,0","6,229508196721312","47,368421052631575","2,9508196721311477"
1155,"362,0","2,0","2,0","0,5524861878453038","100,0","0,5524861878453038"
1159,"243,0","0,0","0,0","0,0","0,0","0,0"
1163,"3762,0","255,0","206,0","6,778309409888357","80,7843137254902","5,475810738968634"
1164,"235,0","3,0","1,0","1,276595744680851","33,33333333333333","0,425531914893617"
1169,"166,0","0,0","0,0","0,0","0,0","0,0"
1171,"1903,0","84,0","5,0","4,41408302679979","5,952380952380952","0,2627430373095113"
1172,"6459,0","91,0","28,0","1,4088868245858492","30,76923076923077","0,43350363833410743"
1173,"11421,0","376,0","129,0","3,292181069958848","34,308510638297875","1,12949829261886"
1177,"694,0","12,0","4,0","1,729106628242075","33,33333333333333","0,5763688760806917"
1179,"1995,0","111,0","44,0","5,56390977443609","39,63963963963964","2,2055137844611528"
1186,"5749,0","122,0","46,0","2,1221081927291703","37,704918032786885","0,8001391546355887"
1188,"5069,0","78,0","13,0","1,5387650424146775","16,666666666666664","0,2564608404024462"
1189,"166,0","13,0","5,0","7,83132530120482","38,46153846153847","3,0120481927710845"
1191,"1714,0","233,0","68,0","13,593932322053675","29,184549356223176","3,9673278879813303"
1192,"6796,0","306,0","112,0","4,502648616833431","36,60130718954248","1,64802825191289"
1193,"582,0","1,0","1,0","0,1718213058419244","100,0","0,1718213058419244"
1196,"2967,0","84,0","26,0","2,8311425682507583","30,952380952380953","0,8763060330299965"
1197,"897,0","21,0","11,0","2,341137123745819","52,38095238095239","1,2263099219620959"
1203,"175,0","0,0","0,0","0,0","0,0","0,0"
1205,"5382,0","290,0","117,0","5,3883314752879965","40,3448275862069","2,1739130434782608"
1207,"194,0","12,0","3,0","6,185567010309279","25,0","1,5463917525773196"
1208,"826,0","0,0","0,0","0,0","0,0","0,0"
1209,"167,0","5,0","4,0","2,9940119760479043","80,0","2,3952095808383236"
1213,"1320,0","29,0","1,0","2,196969696969697","3,4482758620689653","0,07575757575757576"
1216,"120,0","9,0","2,0","7,5","22,22222222222222","1,6666666666666667"
1217,"136,0","2,0","1,0","1,4705882352941175","50,0","0,7352941176470588"
1219,"5942,0","397,0","150,0","6,681252103668799","37,78337531486146","2,524402558061259"
1220,"3155,0","190,0","47,0","6,022187004754358","24,736842105263158","1,4896988906497624"
1221,"11441,0","277,0","97,0","2,421117035224194","35,018050541516246","0,8478279870640678"
1222,"241,0","17,0","13,0","7,053941908713693","76,47058823529412","5,394190871369295"
1223,"156,0","0,0","0,0","0,0","0,0","0,0"
1230,"146,0","0,0","0,0","0,0","0,0","0,0"
1231,"3147,0","158,0","77,0","5,020654591674611","48,734177215189874","2,4467747060692724"
1233,"7828,0","136,0","52,0","1,7373530914665303","38,23529411764706","0,6642820643842616"
1234,"797,0","26,0","8,0","3,262233375156838","30,76923076923077","1,0037641154328731"
1235,"736,0","0,0","0,0","0,0","0,0","0,0"
1236,"654,0","32,0","11,0","4,892966360856269","34,375","1,6819571865443423"
1237,"859,0","13,0","4,0","1,5133876600698486","30,76923076923077","0,46565774155995343"
1240,"1023,0","62,0","14,0","6,0606060606060606","22,58064516129032","1,3685239491691104"
1241,"318,0","5,0","2,0","1,5723270440251573","40,0","0,628930817610063"
1244,"6307,0","238,0","111,0","3,7735849056603774","46,63865546218487","1,7599492627239575"
1245,"129,0","0,0","0,0","0,0","0,0","0,0"
1246,"658,0","21,0","6,0","3,1914893617021276","28,57142857142857","0,911854103343465"
1247,"2109,0","75,0","16,0","3,556187766714083","21,333333333333336","0,7586533902323376"
1248,"9329,0","340,0","126,0","3,6445492550112557","37,05882352941177","1,3506270768571123"
1250,"1630,0","81,0","38,0","4,969325153374233","46,913580246913575","2,331288343558282"
1253,"1505,0","77,0","28,0","5,116279069767442","36,36363636363637","1,8604651162790697"
1254,"1040,0","55,0","25,0","5,288461538461538","45,45454545454545","2,403846153846154"
1255,"960,0","42,0","13,0","4,375","30,952380952380953","1,3541666666666667"
1256,"1284,0","29,0","8,0","2,258566978193146","27,586206896551722","0,6230529595015576"
1258,"3562,0","81,0","32,0","2,27400336889388","39,50617283950617","0,8983717012914094"
1261,"4115,0","227,0","100,0","5,5164034021871196","44,052863436123346","2,4301336573511545"
1262,"991,0","0,0","0,0","0,0","0,0","0,0"
1263,"3614,0","111,0","41,0","3,0713890426120645","36,93693693693694","1,1344770337576093"
1264,"122,0","0,0","0,0","0,0","0,0","0,0"
1265,"5086,0","218,0","79,0","4,286276051907197","36,23853211009174","1,553283523397562"
1270,"185,0","2,0","0,0","1,0810810810810811","0,0","0,0"
1273,"1856,0","72,0","20,0","3,8793103448275863","27,77777777777778","1,0775862068965518"
1276,"637,0","18,0","10,0","2,8257456828885403","55,55555555555556","1,5698587127158554"
1277,"2416,0","91,0","31,0","3,7665562913907285","34,065934065934066","1,283112582781457"
1279,"15184,0","517,0","100,0","3,404899894625922","19,342359767891683","0,6585879873551107"
1280,"1133,0","38,0","16,0","3,3539276257722856","42,10526315789473","1,412180052956752"
1282,"1815,0","14,0","5,0","0,7713498622589532","35,714285714285715","0,27548209366391185"
1283,"107,0","0,0","0,0","0,0","0,0","0,0"
1284,"135,0","4,0","3,0","2,9629629629629632","75,0","2,2222222222222223"
1286,"954,0","100,0","26,0","10,482180293501047","26,0","2,7253668763102725"
1293,"1665,0","56,0","27,0","3,3633633633633635","48,214285714285715","1,6216216216216217"
1295,"989,0","20,0","8,0","2,0222446916076846","40,0","0,8088978766430739"
1296,"434,0","12,0","3,0","2,7649769585253456","25,0","0,6912442396313364"
1298,"3112,0","37,0","15,0","1,1889460154241644","40,54054054054054","0,4820051413881748"
1300,"581,0","11,0","4,0","1,8932874354561102","36,36363636363637","0,6884681583476765"
1301,"3286,0","22,0","9,0","0,6695069993913573","40,909090909090914","0,2738892270237371"
1302,"1476,0","87,0","52,0","5,894308943089431","59,77011494252874","3,523035230352303"
1303,"2766,0","59,0","19,0","2,1330441070137383","32,20338983050847","0,6869125090383225"
1305,"991,0","90,0","22,0","9,081735620585267","24,444444444444443","2,219979818365288"
1312,"2615,0","84,0","10,0","3,2122370936902485","11,904761904761903","0,3824091778202677"
1317,"3720,0","248,0","107,0","6,666666666666667","43,145161290322584","2,8763440860215055"
1318,"2129,0","83,0","7,0","3,8985439173320806","8,433734939759036","0,3287928604978863"
1320,"1900,0","37,0","8,0","1,9473684210526316","21,62162162162162","0,42105263157894735"
1321,"157,0","7,0","2,0","4,45859872611465","28,57142857142857","1,2738853503184715"
1322,"2904,0","93,0","29,0","3,202479338842975","31,182795698924732","0,9986225895316805"
1325,"3951,0","39,0","6,0","0,9870918754745633","15,384615384615385","0,15186028853454822"
1328,"417,0","10,0","5,0","2,3980815347721824","50,0","1,1990407673860912"
1333,"852,0","37,0","9,0","4,342723004694836","24,324324324324326","1,056338028169014"
1337,"739,0","27,0","14,0","3,6535859269282813","51,85185185185185","1,8944519621109608"
1338,"1737,0","47,0","19,0","2,7058146229130684","40,42553191489361","1,0938399539435808"
1339,"1348,0","36,0","12,0","2,6706231454005933","33,33333333333333","0,8902077151335311"
1340,"299,0","11,0","4,0","3,678929765886288","36,36363636363637","1,3377926421404682"
1341,"267,0","2,0","1,0","0,7490636704119851","50,0","0,37453183520599254"
1342,"184,0","0,0","0,0","0,0","0,0","0,0"
1343,"3190,0","93,0","34,0","2,915360501567398","36,55913978494624","1,0658307210031348"
1344,"2074,0","57,0","13,0","2,74831243972999","22,807017543859647","0,626808100289296"
1346,"107,0","4,0","2,0","3,7383177570093453","50,0","1,8691588785046727"
1349,"3137,0","156,0","82,0","4,972904048453937","52,56410256410257","2,6139623844437363"
1355,"3612,0","147,0","49,0","4,069767441860465","33,33333333333333","1,3565891472868217"
1358,"370,0","0,0","0,0","0,0","0,0","0,0"
1359,"550,0","57,0","26,0","10,363636363636363","45,614035087719294","4,7272727272727275"
1362,"128,0","8,0","1,0","6,25","12,5","0,78125"
1364,"1358,0","44,0","19,0","3,2400589101620034","43,18181818181818","1,399116347569956"
1366,"711,0","62,0","35,0","8,720112517580873","56,451612903225815","4,922644163150492"
1373,"1681,0","120,0","50,0","7,138607971445568","41,66666666666667","2,97441998810232"
1374,"544,0","35,0","17,0","6,4338235294117645","48,57142857142857","3,125"
1375,"9178,0","285,0","113,0","3,105251688821094","39,64912280701755","1,2312050555676617"
1376,"827,0","32,0","26,0","3,869407496977025","81,25","3,143893591293833"
1378,"2135,0","28,0","11,0","1,3114754098360655","39,285714285714285","0,5152224824355972"
1382,"268,0","11,0","2,0","4,104477611940299","18,181818181818183","0,7462686567164178"
1384,"3601,0","273,0","121,0","7,581227436823104","44,32234432234432","3,3601777284087753"
1385,"3510,0","188,0","77,0","5,356125356125356","40,95744680851064","2,1937321937321936"
1387,"642,0","42,0","25,0","6,5420560747663545","59,523809523809526","3,894080996884735"
1388,"3482,0","136,0","47,0","3,9058012636415853","34,55882352941176","1,3497989661114302"
1390,"1888,0","81,0","39,0","4,290254237288135","48,148148148148145","2,065677966101695"
1392,"340,0","9,0","4,0","2,6470588235294117","44,44444444444444","1,1764705882352942"
1393,"9638,0","315,0","147,0","3,2683129279933594","46,666666666666664","1,5252126997302344"
1395,"273,0","7,0","3,0","2,564102564102564","42,857142857142854","1,098901098901099"
1400,"100,0","8,0","1,0","8,0","12,5","1,0"
1403,"1365,0","77,0","34,0","5,641025641025641","44,15584415584416","2,490842490842491"
1404,"8797,0","191,0","68,0","2,1711947254745936","35,602094240837694","0,7729907923155621"
1407,"1140,0","42,0","18,0","3,684210526315789","42,857142857142854","1,5789473684210527"
1408,"237,0","0,0","0,0","0,0","0,0","0,0"
1409,"1549,0","61,0","29,0","3,9380245319561005","47,540983606557376","1,8721755971594578"
1412,"753,0","17,0","5,0","2,257636122177955","29,411764705882355","0,6640106241699867"
1413,"118,0","0,0","0,0","0,0","0,0","0,0"
1415,"2818,0","128,0","57,0","4,5422285308729595","44,53125","2,0227111426543645"
1417,"1607,0","97,0","35,0","6,036092097075295","36,08247422680412","2,177971375233354"
1418,"536,0","60,0","14,0","11,194029850746269","23,333333333333332","2,6119402985074625"
1421,"3510,0","396,0","196,0","11,282051282051283","49,494949494949495","5,584045584045584"
1429,"1234,0","25,0","9,0","2,025931928687196","36,0","0,7293354943273906"
1431,"199,0","8,0","5,0","4,0201005025125625","62,5","2,512562814070352"
1432,"162,0","0,0","0,0","0,0","0,0","0,0"
1433,"407,0","14,0","7,0","3,43980343980344","50,0","1,71990171990172"
1434,"1467,0","25,0","11,0","1,7041581458759374","44,0","0,7498295841854125"
1435,"157,0","6,0","0,0","3,821656050955414","0,0","0,0"
1437,"108,0","4,0","0,0","3,7037037037037033","0,0","0,0"
1441,"850,0","55,0","24,0","6,470588235294119","43,63636363636363","2,823529411764706"
1445,"2101,0","14,0","4,0","0,666349357448834","28,57142857142857","0,19038553069966682"
1447,"1170,0","13,0","4,0","1,1111111111111112","30,76923076923077","0,3418803418803419"
1450,"137,0","5,0","3,0","3,64963503649635","60,0","2,18978102189781"
1454,"1378,0","43,0","20,0","3,1204644412191582","46,51162790697674","1,4513788098693758"
1455,"339,0","27,0","17,0","7,964601769911504","62,96296296296296","5,014749262536873"
1456,"122,0","5,0","2,0","4,098360655737705","40,0","1,639344262295082"
1462,"775,0","15,0","3,0","1,935483870967742","20,0","0,3870967741935484"
1464,"2062,0","118,0","60,0","5,722599418040737","50,847457627118644","2,909796314258002"
1465,"210,0","3,0","2,0","1,4285714285714286","66,66666666666666","0,9523809523809524"
1466,"357,0","12,0","3,0","3,361344537815126","25,0","0,8403361344537815"
1468,"242,0","9,0","3,0","3,71900826446281","33,33333333333333","1,2396694214876034"
1471,"122,0","15,0","5,0","12,295081967213115","33,33333333333333","4,098360655737705"
1472,"604,0","17,0","6,0","2,814569536423841","35,294117647058826","0,9933774834437087"
1473,"1634,0","132,0","46,0","8,078335373317014","34,84848484848485","2,8151774785801713"
1474,"802,0","36,0","16,0","4,488778054862843","44,44444444444444","1,99501246882793"
1475,"154,0","6,0","0,0","3,896103896103896","0,0","0,0"
1476,"207,0","13,0","4,0","6,280193236714976","30,76923076923077","1,932367149758454"
1477,"8253,0","143,0","12,0","1,7327032594208167","8,391608391608392","0,14540167211922936"
1480,"1570,0","26,0","15,0","1,6560509554140128","57,692307692307686","0,9554140127388535"
1483,"40486,0","1163,0","341,0","2,8725979350886726","29,3207222699914","0,8422664624808576"
1491,"423,0","19,0","11,0","4,491725768321513","57,89473684210527","2,6004728132387704"
1493,"2915,0","176,0","71,0","6,037735849056604","40,340909090909086","2,435677530017153"
1496,"186,0","25,0","9,0","13,440860215053762","36,0","4,838709677419355"
1498,"1438,0","45,0","23,0","3,129346314325452","51,11111111111111","1,5994436717663423"
1500,"3694,0","170,0","78,0","4,60205739036275","45,88235294117647","2,1115322144017323"
1503,"2423,0","118,0","44,0","4,869995872884854","37,28813559322034","1,8159306644655384"
1504,"453,0","23,0","3,0","5,077262693156733","13,043478260869565","0,6622516556291391"
1509,"169,0","2,0","1,0","1,183431952662722","50,0","0,591715976331361"
1510,"187,0","0,0","0,0","0,0","0,0","0,0"
1511,"4512,0","173,0","57,0","3,8342198581560285","32,947976878612714","1,2632978723404253"
1513,"219,0","6,0","4,0","2,73972602739726","66,66666666666666","1,82648401826484"
1514,"265,0","5,0","2,0","1,8867924528301887","40,0","0,7547169811320755"
1522,"145,0","0,0","0,0","0,0","0,0","0,0"
1526,"2714,0","50,0","12,0","1,8422991893883567","24,0","0,4421518054532056"
1528,"1350,0","49,0","8,0","3,6296296296296298","16,3265306122449","0,5925925925925926"
1529,"4154,0","335,0","182,0","8,064516129032258","54,328358208955216","4,381319210399615"
1530,"749,0","15,0","7,0","2,0026702269692924","46,666666666666664","0,9345794392523363"
1533,"583,0","11,0","3,0","1,8867924528301887","27,27272727272727","0,5145797598627788"
1535,"1220,0","16,0","9,0","1,3114754098360655","56,25","0,7377049180327869"
1536,"226,0","1,0","1,0","0,4424778761061947","100,0","0,4424778761061947"
1540,"492,0","15,0","1,0","3,048780487804878","6,666666666666667","0,20325203252032523"
1541,"130,0","30,0","7,0","23,076923076923077","23,333333333333332","5,384615384615385"
1542,"6724,0","486,0","249,0","7,227840571088638","51,23456790123457","3,7031528851873885"
1544,"1254,0","34,0","14,0","2,711323763955343","41,17647058823529","1,1164274322169059"
1549,"316,0","8,0","3,0","2,5316455696202533","37,5","0,949367088607595"
1554,"713,0","47,0","23,0","6,5918653576437585","48,93617021276596","3,225806451612903"
1555,"402,0","39,0","17,0","9,701492537313433","43,58974358974359","4,228855721393035"
1558,"3650,0","133,0","55,0","3,643835616438356","41,35338345864661","1,5068493150684932"
1560,"197,0","0,0","0,0","0,0","0,0","0,0"
1564,"443,0","25,0","5,0","5,643340857787811","20,0","1,1286681715575622"
1565,"720,0","40,0","10,0","5,555555555555555","25,0","1,3888888888888888"
1567,"2147,0","51,0","15,0","2,375407545412203","29,411764705882355","0,6986492780624126"
1570,"331,0","7,0","2,0","2,1148036253776437","28,57142857142857","0,6042296072507553"
1573,"1710,0","57,0","23,0","3,3333333333333335","40,35087719298245","1,345029239766082"
1574,"1746,0","49,0","18,0","2,8064146620847654","36,734693877551024","1,0309278350515463"
1575,"356,0","3,0","0,0","0,8426966292134831","0,0","0,0"
1576,"271,0","1,0","0,0","0,36900369003690037","0,0","0,0"
1577,"154,0","0,0","0,0","0,0","0,0","0,0"
1578,"13650,0","292,0","84,0","2,1391941391941396","28,767123287671232","0,6153846153846154"
1580,"1496,0","6,0","2,0","0,4010695187165776","33,33333333333333","0,1336898395721925"
1581,"342,0","12,0","8,0","3,508771929824561","66,66666666666666","2,3391812865497075"
1584,"6439,0","103,0","44,0","1,5996272713154216","42,71844660194174","0,6833359217269763"
1586,"140,0","4,0","1,0","2,857142857142857","25,0","0,7142857142857143"
1589,"3771,0","128,0","33,0","3,394325112702201","25,78125","0,8750994431185362"
1592,"173,0","2,0","1,0","1,1560693641618496","50,0","0,5780346820809248"
1593,"1714,0","135,0","77,0","7,8763127187864646","57,03703703703704","4,492415402567095"
1595,"837,0","28,0","18,0","3,345280764635603","64,28571428571429","2,1505376344086025"
1598,"1045,0","64,0","22,0","6,124401913875598","34,375","2,1052631578947367"
1599,"860,0","23,0","13,0","2,6744186046511627","56,52173913043478","1,5116279069767442"
1603,"949,0","58,0","18,0","6,111696522655427","31,03448275862069","1,8967334035827188"
1605,"1864,0","37,0","16,0","1,984978540772532","43,24324324324324","0,8583690987124464"
1607,"840,0","23,0","4,0","2,738095238095238","17,391304347826086","0,4761904761904762"
1610,"248,0","4,0","2,0","1,6129032258064515","50,0","0,8064516129032258"
1611,"191,0","6,0","3,0","3,1413612565445024","50,0","1,5706806282722512"
1616,"1842,0","64,0","27,0","3,474484256243214","42,1875","1,4657980456026058"
1617,"237,0","16,0","1,0","6,751054852320674","6,25","0,42194092827004215"
1619,"724,0","8,0","4,0","1,1049723756906076","50,0","0,5524861878453038"
1620,"161,0","1,0","0,0","0,6211180124223602","0,0","0,0"
1623,"1844,0","55,0","30,0","2,9826464208242953","54,54545454545454","1,6268980477223427"
1625,"8173,0","314,0","104,0","3,841918512174232","33,12101910828025","1,2724825645417839"
1626,"812,0","55,0","20,0","6,773399014778326","36,36363636363637","2,4630541871921183"
1628,"1137,0","14,0","6,0","1,2313104661389622","42,857142857142854","0,5277044854881267"
1634,"2126,0","64,0","20,0","3,0103480714957667","31,25","0,940733772342427"
1638,"430,0","2,0","1,0","0,46511627906976744","50,0","0,23255813953488372"
1639,"866,0","23,0","7,0","2,655889145496536","30,434782608695656","0,8083140877598153"
1642,"1483,0","91,0","38,0","6,136210384356035","41,75824175824176","2,562373567093729"
1643,"649,0","14,0","5,0","2,157164869029276","35,714285714285715","0,7704160246533128"
1645,"1416,0","66,0","28,0","4,661016949152542","42,42424242424242","1,977401129943503"
1646,"1054,0","73,0","22,0","6,925996204933586","30,136986301369863","2,0872865275142316"
1649,"412,0","22,0","5,0","5,339805825242718","22,727272727272727","1,2135922330097086"
1650,"7781,0","348,0","94,0","4,472432849248169","27,011494252873565","1,2080709420382985"
1652,"752,0","32,0","12,0","4,25531914893617","37,5","1,5957446808510638"
1659,"2698,0","85,0","29,0","3,1504818383988136","34,11764705882353","1,0748702742772425"
1663,"3677,0","79,0","28,0","2,1484906173511016","35,44303797468354","0,7614903453902638"
1665,"411,0","14,0","4,0","3,40632603406326","28,57142857142857","0,9732360097323601"
1666,"2138,0","57,0","23,0","2,666043030869972","40,35087719298245","1,0757717492984098"
1670,"309,0","20,0","7,0","6,472491909385113","35,0","2,26537216828479"
1672,"1032,0","23,0","6,0","2,2286821705426356","26,08695652173913","0,5813953488372093"
1675,"951,0","1,0","1,0","0,10515247108307045","100,0","0,10515247108307045"
1677,"274,0","19,0","7,0","6,934306569343065","36,84210526315789","2,5547445255474455"
1679,"1552,0","29,0","7,0","1,8685567010309279","24,137931034482758","0,4510309278350515"
1680,"2720,0","97,0","45,0","3,566176470588235","46,391752577319586","1,6544117647058825"
1681,"396,0","12,0","4,0","3,0303030303030303","33,33333333333333","1,0101010101010102"
1685,"265,0","30,0","13,0","11,320754716981133","43,333333333333336","4,905660377358491"
1690,"833,0","16,0","4,0","1,9207683073229291","25,0","0,4801920768307323"
1694,"3655,0","79,0","38,0","2,161422708618331","48,10126582278481","1,039671682626539"
1697,"297,0","0,0","0,0","0,0","0,0","0,0"
